{"train_loss": [2.1350893553613215, 2.0531504806955083, 2.014730467161363, 1.9878865648605584, 1.9649549806321713, 1.9457890390090071, 1.9268333183324333, 1.9091880929522438, 1.8921743637951611, 1.8743182924308792, 1.8573651919115146, 1.8406179370762246, 1.8197506433719357, 1.8039501120067205, 1.7839593292264202, 1.7628572297671194, 1.741136968218093, 1.7194893151922448, 1.6961442686561194, 1.6727133836363515], "train_acc": [0.26712269402830835, 0.32169596842477216, 0.3424172116993686, 0.3572547686194505, 0.36962217733063985, 0.3789360694975032, 0.38846664133181324, 0.3973405070970925, 0.405927688994673, 0.41445820082538287, 0.421225273516411, 0.4277556653399204, 0.4352127794334327, 0.44148648918935135, 0.44860024934829423, 0.4550973058383503, 0.46190771446286777, 0.4684247721529958, 0.47492182864305194, 0.4818122420678574], "test_loss": [2.0456712754796165, 1.79096656268735, 1.6627547961630695, 1.5959935176858513, 1.5566544420713428, 1.527830040654976, 1.5059153458483214, 1.4894013695293764, 1.475980309502398, 1.4651296931205036, 1.4562604213504196, 1.4486187612410073, 1.4410787385716426, 1.4354825904901078, 1.42958012496253, 1.4234528392910673, 1.4212336771208034, 1.4178136006819544, 1.413962970248801, 1.4142895449265587], "test_acc": [0.3539568345323741, 0.5179856115107914, 0.543884892086331, 0.5630695443645084, 0.5798561151079137, 0.5947242206235012, 0.60431654676259, 0.6139088729016786, 0.6196642685851319, 0.6254196642685851, 0.629736211031175, 0.6311750599520384, 0.6302158273381295, 0.629736211031175, 0.6311750599520384, 0.6354916067146283, 0.6359712230215827, 0.6354916067146283, 0.6350119904076739, 0.6378896882494005], "test_loss_NoEMA": [1.729968642273681, 1.6624152240707435, 1.6124504693120503, 1.6385290205335732, 1.539381112297662, 1.5375628793839928, 1.5776145880170864, 1.5019318139238609, 1.5214782861211031, 1.481370840827338, 1.4851471166816548, 1.524884545488609, 1.486752004646283, 1.5055706216276978, 1.4527724304931056, 1.4733563539793166, 1.4565844199640288, 1.5107623276378896, 1.4259009198890886, 1.4389113318720024], "test_acc_NoEMA": [0.5026378896882494, 0.5294964028776978, 0.5611510791366906, 0.5505995203836931, 0.592326139088729, 0.5856115107913669, 0.584652278177458, 0.6071942446043166, 0.5918465227817746, 0.6167865707434053, 0.6091127098321343, 0.5870503597122302, 0.6201438848920864, 0.5884892086330935, 0.6230215827338129, 0.6220623501199041, 0.6047961630695443, 0.5832134292565947, 0.6115107913669064, 0.6206235011990408]}