{"train_loss": [2.201853986239174, 2.1216014627544317, 2.0798085385123106, 2.084401522424679, 2.059258763859165, 2.0581111950050337, 2.044498503243528, 2.0321404700948724, 2.0001862611756707, 2.008908242827903, 2.0154413431472555, 2.006891871845644, 2.011791749171617, 1.9665231997253168, 1.9700398690588101, 2.0020603319532504, 1.9521821309278558, 1.9600828133021315, 1.921430285817149, 1.9604174167116695], "train_acc": [0.13830496496456454, 0.14951563760492295, 0.1548159556240041, 0.15758278830063138, 0.16016627664326527, 0.16090298751258408, 0.1630464494536339, 0.1646065430592502, 0.16561993719623178, 0.1658199491969518, 0.16816008960537632, 0.16959017541052462, 0.17021687967944743, 0.17034355394657014, 0.17068357434779421, 0.1722703362201732, 0.17313705488996006, 0.1752338473641752, 0.17581054863291798, 0.174403797561187], "test_loss": [2.0509938923860913, 1.8307610161870504, 1.72321303113759, 1.6749818504571343, 1.6442585384817145, 1.6266158947841727, 1.6069991662919665, 1.5941084241981416, 1.5775980777877698, 1.5655376480065948, 1.560396643622602, 1.5486146629571342, 1.5378989386615707, 1.5357764959907074, 1.5293831731489809, 1.5250197888564148, 1.4998792762664868, 1.4931755376948441, 1.4829594527502998, 1.4811497676858514], "test_acc": [0.4067146282973621, 0.471462829736211, 0.505515587529976, 0.5314148681055156, 0.5376498800959233, 0.5453237410071943, 0.5649880095923261, 0.5693045563549161, 0.5702637889688249, 0.5793764988009592, 0.5808153477218225, 0.588968824940048, 0.6, 0.5956834532374101, 0.5971223021582733, 0.6081534772182254, 0.6158273381294964, 0.6172661870503597, 0.6172661870503597, 0.6191846522781774], "test_loss_NoEMA": [1.8444756304331535, 1.8768304106714628, 1.743933954398981, 1.7326971625824341, 1.7016095717176258, 1.646468684427458, 1.7105735723920863, 1.6872544542491008, 1.6408025142386091, 1.5921608026079137, 1.6335402381220023, 1.6573759742206235, 1.6132355834082734, 1.6322115744904078, 1.6230604578836931, 1.544810635866307, 1.5677952169514389, 1.5959866091501798, 1.5485914783797963, 1.5480777877697842], "test_acc_NoEMA": [0.4119904076738609, 0.3669064748201439, 0.5093525179856115, 0.5218225419664269, 0.49928057553956834, 0.4949640287769784, 0.4839328537170264, 0.5079136690647482, 0.5625899280575539, 0.5458033573141486, 0.5386091127098321, 0.5592326139088729, 0.5764988009592326, 0.5194244604316547, 0.5611510791366906, 0.5760191846522782, 0.5640287769784172, 0.5669064748201439, 0.5693045563549161, 0.5798561151079137]}