{"train_loss": [2.1324698231893913, 2.0493690038068952, 2.0134276806608398, 1.9867492049522972, 1.9646966317979078, 1.9443320765912622, 1.9262541169136815, 1.9092539302358142, 1.8918633034648746, 1.8747289420698576, 1.856246583128321, 1.8395562067057356, 1.8210442626557592], "train_acc": [0.2676360581634898, 0.32337273569747516, 0.3427839003673554, 0.35723810095272385, 0.36919215152909174, 0.3801894780353488, 0.3886266509323893, 0.39749384963097784, 0.40560100272683025, 0.4131614563540479, 0.42076191238140953, 0.42711562693761623, 0.435256115366922], "test_loss": [2.106971532149281, 1.8068202469274581, 1.6617250730665467, 1.5917116306954437, 1.5496138245653477, 1.5216166910221822, 1.5003119379496404, 1.4859672418315348, 1.4708921144334532, 1.4582042959382493, 1.4498409865857314, 1.4386698844049761, 1.431359248538669], "test_acc": [0.3808153477218225, 0.5203836930455635, 0.5534772182254196, 0.5755395683453237, 0.5942446043165468, 0.6052757793764988, 0.6153477218225419, 0.6215827338129496, 0.6330935251798561, 0.6412470023980815, 0.645083932853717, 0.6474820143884892, 0.6546762589928058], "test_loss_NoEMA": [1.7508522088579137, 1.66598646863759, 1.6260552495503597, 1.5797673579886091, 1.574070392123801, 1.5359859768435251, 1.534488229728717, 1.5632834747826738, 1.4807016496178058, 1.4787112887814748, 1.4529280481864508, 1.5195342944394485, 1.4791049582209232], "test_acc_NoEMA": [0.49640287769784175, 0.5414868105515588, 0.5419664268585132, 0.5774580335731415, 0.5673860911270984, 0.6062350119904076, 0.6019184652278178, 0.5721822541966427, 0.6249400479616307, 0.6177458033573141, 0.6206235011990408, 0.5860911270983213, 0.6345323741007194]}