{"train_loss": [2.199851574427799, 2.1173445406724403, 2.0922722029988465, 2.0747357341440487, 2.0633458840863783, 2.054413056450054, 2.0462213149455635, 2.036517399377296, 2.008868448773593, 2.019502836836877, 2.0219929862458415, 2.0095851584428397, 1.9843346850811048, 1.9856666399984, 1.9693192008187157, 1.9862918858464842, 1.9699990332753299, 1.9719049809655247, 1.9434241054463268, 1.9381444136648198], "train_acc": [0.13650485695808415, 0.1499789987399244, 0.15462261068997474, 0.15892953577214633, 0.1599329293090919, 0.16187637924942164, 0.1630097805868352, 0.16445320052536486, 0.16630997859871594, 0.16783006980418824, 0.16955684007707128, 0.16826342913908168, 0.1707235767479382, 0.17114026841610497, 0.17268369435499464, 0.17369375495863085, 0.17486049162949777, 0.17436046162769767, 0.17502050123007382, 0.17643391936849545], "test_loss": [2.0489225026229017, 1.8295086977293165, 1.7185942652128297, 1.6614290598770982, 1.6305323319469425, 1.622251925022482, 1.6053477920788368, 1.5913092963129496, 1.5763196474070744, 1.5632992824490408, 1.5509869838504196, 1.5496811535146882, 1.5424848012215229, 1.5249151069769185, 1.5157142254946043, 1.5146428169964028, 1.5071873360686452, 1.5068862878447242, 1.4912808425134891, 1.4830589825014988], "test_acc": [0.40959232613908875, 0.47386091127098323, 0.5031175059952039, 0.5304556354916067, 0.5410071942446043, 0.5525179856115108, 0.5587529976019184, 0.5611510791366906, 0.5707434052757794, 0.5827338129496403, 0.5836930455635492, 0.5741007194244604, 0.581294964028777, 0.5865707434052758, 0.5937649880095923, 0.60431654676259, 0.5995203836930456, 0.60431654676259, 0.6100719424460431, 0.6129496402877698], "test_loss_NoEMA": [1.802394334532374, 1.7580453996178058, 1.8034858831684653, 1.7062681495428658, 1.6228747470773381, 1.6386281990032974, 1.6186029301558753, 1.725923987372602, 1.6348699555980215, 1.6013156662170265, 1.5582213916366907, 1.6159664455935252, 1.625375051521283, 1.56585942183753, 1.6510397931654677, 1.5371480159622302, 1.539191537395084, 1.548177785896283, 1.5341459644784172, 1.4996275245428656], "test_acc_NoEMA": [0.45323741007194246, 0.4666666666666667, 0.4354916067146283, 0.4762589928057554, 0.5251798561151079, 0.5501199040767386, 0.5448441247002398, 0.479136690647482, 0.5544364508393286, 0.5654676258992806, 0.5553956834532374, 0.5520383693045564, 0.5597122302158274, 0.5717026378896882, 0.5462829736211031, 0.5822541966426859, 0.5928057553956835, 0.5664268585131894, 0.5822541966426859, 0.588968824940048]}