{"train_loss": [1.8890062570420891], "train_acc": [0.4057310105272983], "test_loss": [1.72302720323741], "test_acc": [0.6], "test_loss_NoEMA": [1.4776389435326738], "test_acc_NoEMA": [0.6196642685851319]}